id,name,japanese_name,calories
0,__background__,背景,0
1,Chaudin,ショーダン,400
2,Bambalouni,バンバローニ,200
3,Ghoriba,ゴリバ,150
4,Mango sticky rice,マンゴーもち米,350
5,Jianbing,ジャンビン,300
6,Aguachile,アグアチレ,150
7,Carrozza,カロッツァ,250
8,Miyan kuka,ミヤン・クカ,300
9,Efo riro,エフォ・リロ,250
10,Ayam masak merah,アヤム・マサック・メラ,400
11,Chiffon pie,シフォンパイ,400
12,/g/11b8_rxx4d,不明,0
13,Riso patate e cozze,リゾ・パターテ・エ・コッツェ,450
14,Bazin,バジン,300
15,Black bottom pie,ブラックボトムパイ,400
16,Palóc soup,パローツ・スープ,250
17,Sailor sandwich,セーラーサンドイッチ,350
18,Tuwo shinkafa,トゥウォ・シンカファ,300
19,Carne a la tampiqueña,カルネ・ア・ラ・タンピケーニャ,500
20,Pastel azteca,パステル・アステカ,450
21,Fujian red wine chicken,福建赤ワイン鶏,400
22,Boeber,ボーベル,300
23,Lady Baltimore cake,レディ・ボルチモア・ケーキ,400
24,Yam khai dao,ヤム・カイ・ダオ,250
25,Texas Tommy,テキサス・トミー,400
26,Har cheong gai,ハー・チョン・ガイ,300
27,Kolokythopita,コロキトピタ,350
28,Karydopita,カリドピタ,400
29,Rinflajš,リンフライシュ,400
30,Hainanese curry rice,海南カレーライス,450
31,Sonoran hot dog,ソノラン・ホットドッグ,400
32,/g/11cfty6q3,不明,0
33,Afghani burger,アフガニ・バーガー,400
34,Teochew porridge,潮州粥,200
35,Minestra di ceci,ミネストラ・ディ・チェチ,300
36,Pastrami on rye,パストラミ・オン・ライ,400
37,Roast beef sandwich,ローストビーフサンドイッチ,400
38,Chahan,チャーハン,350
39,Ekuru,エクル,250
40,Sciusceddu,シューシェッドゥ,300
41,Breakfast burrito,朝食ブリトー,450
42,/g/11dyjj24g,不明,0
43,Sausage Stroganoff,ソーセージ・ストロガノフ,450
44,Roti jala,ロティ・ジャラ,200
45,Pirao,ピラオ,300
46,Casatiello,カサティエッロ,350
47,Khanom tan,カノム・タン,200
48,Muamba chicken,ムアンバ・チキン,400
49,Dobradinha,ドブラジーニャ,400
50,Bruckfleisch,ブルックフライシュ,400
51,Molote,モロテ,250
52,Spongata,スポンガータ,350
53,Funge,フンゲ,300
54,/g/1212ghsj,不明,0
55,Köttbullar,ショットブラール,350
56,Ka'ak,カアック,200
57,Papet vaudois,パペ・ヴォードワ,400
58,/g/12148tdg,不明,0
59,Prosciutto di Norcia,プロシュート・ディ・ノルチャ,150
60,Malloreddus,マッロレッドゥス,300
61,/g/1214g6v_,不明,0
62,Pannenkoek,パンネンクック,300
63,Dirty macaroni,ダーティー・マカロニ,400
64,/g/12175t2y,不明,0
65,Garlic butter shrimp,ガーリックバターシュリンプ,250
66,Fricasse,フリカッセ,400
67,Stracciatella,ストラッチャテッラ,200
68,/g/121b74wr,不明,0
69,Sartù,サルトゥ,450
70,Matelote,マテロート,400
71,Baodu,バオドゥ,300
72,Mattentaart,マッテンタルト,350
73,Cartellate,カルテッラーテ,200
74,Gyeran-ppang,ギェラン・ッパン,250
75,Torta Pasqualina,トルタ・パスクアリーナ,350
76,Caltaboș,カルタボシュ,350
77,Khanom mo kaeng,カノム・モー・ケン,250
78,Suimono,吸い物,100
79,Dimlama,ディムラマ,400
80,Tavë Kosi,タヴェ・コシ,400
81,/g/121p63r3,不明,0
82,/g/121slhcd,不明,0
83,Kalach,カラチ,300
84,Jambon persillé,ジャンボン・ペルシエ,200
85,Pork Bones,豚骨,400
86,Pozharsky cutlet,ポジャルスキー・カツレツ,300
87,Roccocò,ロッココ,200
88,Feijão de óleo de palma,パームオイル豆,350
89,Calulu,カルル,400
90,Bey's Soup,ベイのスープ,300
91,/g/1226mnbh,不明,0
92,Thịt kho tàu,ティット・コー・タウ,400
93,Bon bon chicken,ボンボンチキン,300
94,Zoque,ゾケ,300
95,Bint al-sahn,ビント・アル・サハン,350
96,Tempoyak,テンポヤック,200
97,Puran poli,プラン・ポリ,250
98,/g/122m40vc,不明,0
99,Chueo-tang,チュオタン,300
100,Naem,ネーム,200
101,/g/122qyvy7,不明,0
102,/g/122rd60t,不明,0
103,Pizokel,ピゾケル,300
104,/g/122vxtxs,不明,0
105,Schiacciata,スキアッチャータ,300
106,Daheen,ダヒーン,300
107,Chapssal-tteok,チャプサル・トック,250
108,/g/123267k_,不明,0
109,Crescentina modenese,クレシェンティーナ・モデネーゼ,250
110,Pansotti,パンソッティ,300
111,Fried eggplant,揚げナス,200
112,Portuguese seafood rice,ポルトガル海鮮ご飯,450
113,Tripes à la mode de Caen,トリップ・ア・ラ・モード・ド・カーン,400
114,/g/12353lp9,不明,0
115,Brenebon,ブレネボン,350
116,Gnocco fritto,ニョッコ・フリット,250
117,/g/12384pzv,不明,0
118,Tahu tek-tek,タフ・テック・テック,300
119,Bibikkan,ビビッカン,250
120,Squid tongseng,イカ・トンセン,300
121,/g/12fgs6199,不明,0
122,Bundevara,ブンデヴァラ,350
123,Sop saudara,ソップ・サウダラ,400
124,/g/155q8w2m,不明,0
125,Erbazzone,エルバッツォーネ,350
126,Kisra,キスラ,200
127,Meat from tiblica,チブリカの肉,400
128,/g/1hc0hhj4r,不明,0
129,Yufka,ユフカ,200
130,Pisarei e faśö,ピサレイ・エ・ファソ,300
131,/g/1pznmr_ch,不明,0
132,Pampushka,パンプシュカ,200
133,Makowiec,マコヴィエツ,350
134,Saleeg,サリーグ,300
135,/m/0100fwt6,不明,0
136,Jókai bean soup,ヨーカイ豆スープ,350
137,Bookbinder soup,ブックバインダー・スープ,300
138,Selat solo,セラット・ソロ,350
139,Kutsinta,クツィンタ,200
140,Sago soup,サゴスープ,250
141,Vinegret,ヴィネグレット,200
142,Shrimp and grits,エビとグリッツ,400
143,Sirop de Liège,シロップ・ド・リエージュ,150
144,Woku,ウォク,400
145,Muhallebi,ムハッレビ,200
146,Gepuk,ゲプック,300
147,Fouée,フエ,200
148,Octopus,タコ,150
149,Koba,コバ,250
150,Bò lúc lắc,ボー・ルック・ラック,350
151,Squid lū'au,イカ・ルアウ,300
152,Shrimp Louie,シュリンプ・ルイ,250
153,Black pudding,ブラックプディング,300
154,Cherry kebab,チェリー・ケバブ,350
155,Pitsi-pitsî,ピツィ・ピツィ,200
156,Sabich salad,サビッチ・サラダ,250
157,Mie kocok,ミー・コチョック,350
158,Maraca pie,マラカ・パイ,350
159,Banga,バンガ,400
160,Baccalà alla lucana,バッカラ・アッラ・ルカーナ,300
161,Nasi tumpang,ナシ・トゥンパン,350
162,Gratin dauphinois,グラタン・ドフィノワ,400
163,Arroz chaufa,アロス・チャウファ,400
164,Kuih,クエ,200
165,Ayam goreng,アヤム・ゴレン,350
166,Chongos zamoranos,チョンゴス・サモラーノス,250
167,/m/011c708,不明,0
168,Mămăligă,ママリガ,300
169,Candied almonds,キャンディーアーモンド,200
170,Lasagne,ラザニア,450
171,Pecel Lele,ペチェル・レレ,350
172,Lettuce soup,レタススープ,200
173,Acquacotta,アクアコッタ,300
174,Pork blood soup,豚血スープ,350
175,/m/011sq8kg,不明,0
176,Buridda,ブリッダ,400
177,Maccu,マック,300
178,Turkey Devonshire,ターキー・デボンシャー,400
179,Ginestrata,ジネストラータ,250
180,Garmugia,ガルムージャ,250
181,Meringue,メレンゲ,150
182,Peanut butter and jelly sandwich,ピーナッツバターとジェリーサンドイッチ,350
183,Couque de Dinant,クック・ド・ディナン,200
184,Omo tuo,オモ・トゥオ,300
185,Thapthim krop,タプティム・クロップ,250
186,Pie tee,パイ・ティー,200
187,Sutarfeni,スタルフェニ,200
188,Raclette,ラクレット,300
189,Wotou,ウォトウ,200
190,Punugulu,プヌグル,200
191,Succotash,サコタッシュ,250
192,Chim chum,チム・チュム,400
193,Wachipa,ワチパ,300
194,Boat noodles,ボートヌードル,350
195,Tantuni,タントゥニ,300
196,Shab Deg,シャブ・デグ,400
197,Chả giò,チャー・ゾー,250
198,Ciabatta Bacon Cheeseburger,チャバッタ・ベーコンチーズバーガー,500
199,Mie kangkung,ミー・カンクン,350
200,Tuwo masara,トゥウォ・マサラ,300
201,Kokonte,ココンテ,300
202,Akple,アクプレ,300
203,/m/012vypzp,不明,0
204,Kwareżimal,クワレジマル,200
205,Bento,弁当,500
206,Osechi,おせち,500
207,Okonomiyaki,お好み焼き,400
208,Miso soup,味噌汁,100
209,Dango,団子,150
210,Onigiri,おにぎり,200
211,Hiyayakko,冷奴,100
212,Tempura,天ぷら,300
213,Mochi,餅,150
214,Peppersoup,ペッパースープ,350
215,Caldo de queso,カルド・デ・ケソ,400
216,Dodo ikire,ドド・イキレ,300
217,Uirō,外郎,150
218,Hong dou tang,紅豆湯,250
219,Kakigōri,かき氷,150
220,Khichu,キチュ,200
221,Bolo de arroz,ボロ・デ・アロス,200
222,Chips and dip,チップスとディップ,250
223,Murgh musallam,ムルグ・ムサッラム,450
224,Utica greens,ユティカ・グリーン,200
225,Zaalouk,ザアルーク,200
226,Mutton curry,マトンカレー,450
227,Mughlai paratha,ムグライ・パラタ,350
228,Tuo Zaafi,トゥオ・ザーフィ,300
229,Bánh bột lọc,バイン・ボット・ロック,200
230,/m/013f387h,不明,0
231,Cheeseburger,チーズバーガー,400
232,Jelly bean,ジェリービーン,100
233,Apple pie,アップルパイ,400
234,Udon,うどん,300
235,Falafel,ファラフェル,250
236,Agedashi dōfu,揚げ出し豆腐,200
237,Dashi,だし,50
238,Tortell,トルテル,300
239,Omelette,オムレツ,200
240,Crème brûlée,クレームブリュレ,300
241,Cucumber soup,キュウリスープ,150
242,French toast,フレンチトースト,300
243,Tripe,トリップ,300
244,Pepperoni,ペパロニ,150
245,Salami,サラミ,150
246,Kimchi,キムチ,100
247,Knödel,クネーデル,300
248,Takoyaki,たこ焼き,250
249,Halva,ハルヴァ,200
250,Pigs in a blanket,ピッグス・イン・ア・ブランケット,250
251,Spanakopita,スパナコピタ,350
252,Pumpkin pie,パンプキンパイ,400
253,Jambalaya,ジャンバラヤ,450
254,Club sandwich,クラブサンドイッチ,400
255,Churro,チュロス,200
256,Turducken,ターダcken,600
257,Welsh rarebit,ウェルシュ・ラレビット,350
258,Hot dog,ホットドッグ,300
259,Oyakodon,親子丼,350
260,Meatball,ミートボール,300
261,Waldorf salad,ウォルドルフ・サラダ,250
262,Potato salad,ポテトサラダ,250
263,Satay,サテ,250
264,Pemmican,ペミカン,200
265,Mämmi,マンミ,300
266,Fideuà,フィデウア,400
267,Waffle,ワッフル,250
268,Pancake,パンケーキ,250
269,Quiche,キッシュ,350
270,Borscht,ボルシチ,300
271,Bratwurst,ブラートヴルスト,350
272,Foie gras,フォアグラ,200
273,Burrito,ブリトー,450
274,Goulash,グーラッシュ,400
275,Spotted dick,スポッテッド・ディック,350
276,Coq au vin,コック・オ・ヴァン,400
277,Ratatouille,ラタトゥイユ,250
278,Cornbread,コーンブレッド,200
279,Souvlaki,スブラキ,300
280,Chow mein,チャウメン,350
281,Roast beef,ローストビーフ,400
282,Peking duck,北京ダック,450
283,Fried chicken,フライドチキン,400
284,Croquembouche,クロカンブッシュ,200
285,Tahini,タヒニ,150
286,Gumbo,ガンボ,450
287,Fajita,ファヒータ,400
288,Chicken fried steak,チキンフライドステーキ,450
289,Sukiyaki,すき焼き,400
290,Scrapple,スクラップル,300
291,Chili con carne,チリコンカルネ,450
292,Monte Cristo sandwich,モンテクリストサンドイッチ,400
293,Kielbasa,キルバサ,350
294,Polenta,ポレンタ,300
295,Reuben sandwich,ルーベンサンドイッチ,400
296,S'more,スモア,200
297,Andouille,アンドゥイユ,350
298,Beignet,ベニエ,200
299,Crêpe,クレープ,250
300,Gulai,グライ,400
301,Breakfast sausage,朝食ソーセージ,350
302,Chorizo,チョリソー,350
303,Gyro,ジャイロ,400
304,Nachos,ナチョス,350
305,Larb,ラープ,250
306,Couscous,クスクス,250
307,Meze,メゼ,250
308,Cheesesteak,チーズステーキ,450
309,Frozen yogurt,フローズンヨーグルト,200
310,Injera,インジェラ,250
311,Muesli,ミューズリー,200
312,Meatloaf,ミートローフ,450
313,Fuet,フエット,150
314,Nattō,納豆,150
315,Banana split,バナナスプリット,400
316,Pączki,ポンチキ,200
317,Pound cake,パウンドケーキ,400
318,Fuqi feipian,フーチー・フェイピアン,300
319,Nasi lemak,ナシレマック,400
320,Flan,フラン,250
321,Pad thai,パッタイ,400
322,Yakitori,焼き鳥,200
323,Amanattō,甘納豆,150
324,Tom kha kai,トムカーカイ,300
325,Lokma,ロクマ,200
326,Mooncake,月餅,200
327,Idli,イドリ,200
328,Spätzle,シュペッツレ,300
329,Nopalito,ノパリト,200
330,Sincronizada,シンコロニサダ,350
331,Žganci,ジャンツィ,300
332,Totopo,トトポ,150
333,Folar,フォラール,300
334,Cherry pie,チェリーパイ,400
335,Umeboshi,梅干し,50
336,Patty,パティ,300
337,Saltah,サルタ,400
338,Khinkali,ヒンカリ,300
339,Shkedei marak,シュケデイ・マラク,200
340,Tekkadon,鉄火丼,350
341,Chadachadi,チャダチャディ,250
342,Kaipen,カイペン,150
343,Draw soup,ドロー・スープ,300
344,Shahan ful,シャハン・フル,300
345,Shiro,シロ,300
346,Ga'at,ガアット,300
347,Skordalia,スコルダリア,200
348,Budae jjigae,ブデ・チゲ,400
349,Anju,アンジュ,250
350,Fried Coke,フライド・コーク,300
351,Lemang,ルマン,300
352,Basundi,バスンディ,250
353,Brown Betty,ブラウン・ベティ,350
354,Khabees,カビース,200
355,Kottu,コットゥ,350
356,Isterband,イステルバンド,350
357,Ciauscolo,チャウスコロ,200
358,Khatkhate,カトカテ,300
359,Pan de muerto,パン・デ・ムエルト,250
360,Caponata,カポナータ,250
361,/m/0267f9w,不明,0
362,Sabaayad,サバーヤド,200
363,Miyeok-guk,ミヨック・クック,200
364,Imoni,芋煮,350
365,Pitha,ピタ,200
366,Kedgeree,ケジャリー,350
367,Bife a cavalo,ビフェ・ア・カヴァロ,400
368,Yaki udon,焼きうどん,350
369,She-crab soup,シー・クラブ・スープ,350
370,Koozh,クージュ,250
371,Keşkek,ケシュケク,400
372,Cabidela,カビデラ,400
373,Gerber sandwich,ガーバー・サンドイッチ,400
374,Zagorski Štrukli,ザゴルスキ・シュトルクリ,300
375,Himbasha,ヒンバシャ,250
376,Sataraš,サタラシュ,250
377,Kakuni,角煮,300
378,Enormous Omelet Sandwich,巨大オムレツサンドイッチ,450
379,Turrón,トゥロン,200
380,Tsukudani,佃煮,150
381,Hawaiian haystack,ハワイアン・ヘイスタック,450
382,Kateh,カテ,250
383,Stoemp,ストゥンプ,300
384,Pajeon,パジョン,300
385,Ġbejna,ジェブナ,150
386,Kaya toast,カヤ・トースト,250
387,Fit-fit,フィット・フィット,250
388,Kitcha,キッチャ,200
389,Thalipeeth,タリピート,250
390,Figgy pudding,フィギー・プディング,350
391,Cachupa,カチュパ,400
392,Cherries jubilee,チェリーズ・ジュビリー,250
393,Crappit heid,クラピット・ヘッド,300
394,Mince and tatties,ミンス・アンド・タッティーズ,400
395,Anadama bread,アナダマ・ブレッド,200
396,Carbonara,カルボナーラ,400
397,Kladdkaka,クラッドカーカ,350
398,Shakshouka,シャクシューカ,300
399,Chicken Vesuvio,チキン・ヴェスヴィオ,450
400,Jibarito,ジバリト,400
401,Chicken Divan,チキン・ディヴァン,400
402,Motsunabe,もつ鍋,400
403,Sonofabitch stew,ソノファビッチ・スチュ,400
404,Corn pudding,コーン・プディング,300
405,Johnny Marzetti,ジョニー・マルゼッティ,400
406,Mostarda,モスタルダ,150
407,Maafe,マーフェ,400
408,Churma,チュルマ,250
409,Chole bhature,チョーレ・バトゥーレ,400
410,Dobos torte,ドボシュ・トルテ,400
411,Carne de porco à alentejana,カルネ・デ・ポルコ・ア・アレンテジャーナ,450
412,Khao soi,カオソーイ,350
413,Kissel,キッセル,200
414,Cottage loaf,コテージ・ローフ,250
415,Silver needle noodles,銀針麺,300
416,Shrimp DeJonghe,シュリンプ・デジョンヘ,300
417,Kiritanpo,きりたんぽ,250
418,Bean pie,ビーン・パイ,350
419,Churchkhela,チュルチュヘラ,200
420,Yahni,ヤフニ,400
421,Gringas,グリンガス,400
422,Annin tofu,杏仁豆腐,150
423,Jiaozi,餃子,200
424,Breakfast sandwich,朝食サンドイッチ,400
425,Tanghulu,タンフール,150
426,Black sesame soup,黒ゴマスープ,250
427,Gougère,グジェール,150
428,Namul,ナムル,100
429,Kosambari,コサンバリ,100
430,Ma'amoul,マアムール,200
431,Caldo de pollo,カルド・デ・ポヨ,350
432,Loukaniko,ルカニコ,350
433,Doberge cake,ドバージュ・ケーキ,400
434,Nasi campur,ナシ・チャンプル,400
435,Snack cake,スナックケーキ,250
436,Taiyaki,たい焼き,250
437,Karnıyarık,カルヌヤルク,350
438,Pierogi,ピエロギ,250
439,Macaroni and cheese,マカロニ・アンド・チーズ,400
440,Huevos motuleños,ウエボス・モトゥレーニョス,350
441,Chislic,チスリック,300
442,Corn dog,コーンドッグ,300
443,Shawarma,シャワルマ,400
444,Zongzi,ちまき,250
445,Dumpling,ダンプリング,200
446,Syrniki,シルニキ,250
447,King cake,キングケーキ,400
448,Soufflé,スフレ,250
449,Gyūdon,牛丼,400
450,Chicken nugget,チキンナゲット,200
451,Bulgogi,ブルゴギ,350
452,Eggs Benedict,エッグベネディクト,350
453,Hot dry noodles,熱乾麺,350
454,Mashed potato,マッシュポテト,250
455,Anpan,あんぱん,250
456,Quesadilla,ケサディーヤ,400
457,Youtiao,油条,200
458,Congee,お粥,200
459,Sekihan,赤飯,250
460,Semla,セムラ,300
461,Arctic roll,アークティック・ロール,350
462,Castella,カステラ,250
463,Hanabiramochi,花びら餅,150
464,Falukorv,ファルコール,350
465,Ketupat,ケトゥパット,250
466,Rendang,ルンダン,450
467,Chocolate brownie,チョコレートブラウニー,300
468,Mapo doufu,麻婆豆腐,350
469,Chinese noodles,中華麺,350
470,Empanada,エンパナーダ,250
471,Fried rice,炒飯,350
472,Chicago-style pizza,シカゴスタイルピザ,500
473,Cuban sandwich,キューバンサンドイッチ,400
474,Tarte Tatin,タルトタタン,400
475,Yakisoba,焼きそば,400
476,Dagwood sandwich,ダグウッドサンドイッチ,450
477,Cheesecake,チーズケーキ,400
478,Samosa,サモサ,250
479,Devil's food cake,デビルズフードケーキ,400
480,Shashlik,シャシリク,350
481,Horseshoe sandwich,ホースシューサンドイッチ,450
482,City chicken,シティチキン,350
483,Key lime pie,キーライムパイ,400
484,Potato skins,ポテトスキン,250
485,Haejang-guk,ヘジャングク,350
486,Burmese tofu,ビルマ豆腐,150
487,Shumai,シューマイ,200
488,Sour cherry soup,サワーチェリースープ,250
489,Gigandes plaki,ギガンデス・プラキ,300
490,Majboos,マジュブース,450
491,Chicken curry,チキンカレー,400
492,Shrimp Creole,シュリンプ・クレオール,400
493,Pork tenderloin sandwich,ポークテンダーロインサンドイッチ,400
494,Dampfnudel,ダンプフヌーデル,300
495,Finnan haddie,フィナン・ハディ,300
496,Kenkey,ケンキー,300
497,Pincho,ピンチョ,150
498,Gundruk,グンドルック,100
499,Chilorio,チロリオ,350
500,Koulourakia,クルラキア,200
501,Bryndzové halušky,ブリンドゾヴェ・ハルシュキ,350
502,Imagawayaki,今川焼き,250
503,Vasilopita,ヴァシロピタ,350
504,Strapačky,ストラパチュキ,350
505,Po' boy,ポーボーイ,400
506,Capirotada,カピロターダ,300
507,Beef Manhattan,ビーフ・マンハッタン,450
508,Sandwich loaf,サンドイッチローフ,400
509,Jian dui,煎堆,200
510,Almond biscuit,アーモンドビスケット,150
511,West Slavic fermented cereal soups,西スラブ発酵シリアルスープ,300
512,Fried plantain,揚げプランテン,250
513,Stuffed peppers,ピーマンの肉詰め,350
514,Piperade,ピペラード,250
515,Rogan josh,ロガン・ジョシュ,400
516,Fabada asturiana,ファバダ・アストゥリアーナ,450
517,Potato wedges,ポテトウェッジ,300
518,Calisson,カリソン,150
519,Prawn ball,エビボール,200
520,Kushikatsu,串カツ,250
521,Lo mai chi,盧米団,200
522,Manchet,マンチェット,250
523,Leek soup,リークスープ,200
524,Vanillerostbraten,バニラローストブラーテン,400
525,Hangtown fry,ハングタウン・フライ,350
526,Cabbie claw,キャビー・クロウ,300
527,Chitranna,チトランナ,300
528,Ragi mudde,ラギ・ムッデ,250
529,Denver sandwich,デンバーサンドイッチ,400
530,Laverbread,ラバーブレッド,150
531,Elote,エローテ,250
532,Kulolo,クロロ,250
533,Oxtail soup,オックステールスープ,350
534,Pantua,パントゥア,200
535,Corn relish,コーン・レリッシュ,150
536,Pogača,ポガチャ,200
537,Qubani-ka-Meetha,クバニ・カ・ミータ,250
538,Boondi,ブンディ,200
539,Arrosticini,アロスティチーニ,300
540,Panelle,パネッレ,200
541,Santula,サントゥラ,250
542,Tofu skin roll,豆腐皮ロール,200
543,Crispy fried chicken,クリスピーフライドチキン,400
544,Steamed meatball,蒸しミートボール,200
545,Lobio,ロビオ,300
546,Suman,スマン,200
547,Hōtō,ほうとう,300
548,Matbukha,マトブーハ,200
549,/m/02rgjs1,不明,0
550,Açorda,アソルダ,300
551,Makdous,マクドゥース,150
552,Soto,ソト,350
553,Frangollo,フランゴーリョ,250
554,Patty melt,パティメルト,400
555,Taro dumpling,タロダンプリング,200
556,Entomatada,エントマターダ,300
557,Bánh cuốn,バインクオン,200
558,Corunda,コルンダ,200
559,Zhaliang,ザーリャン,250
560,Cassoulet,カスレ,450
561,Debrecener,デブレツェナー,350
562,Scampi,スキャンピ,250
563,Pilaf,ピラフ,300
564,Sambar,サンバール,250
565,Century egg,皮蛋,100
566,Escargot,エスカルゴ,150
567,Cong you bing,葱油餅,200
568,Beef noodle soup,牛肉麺,350
569,Magiritsa,マギリツァ,300
570,Gugelhupf,グーゲルフプフ,350
571,Sachima,サチマ,200
572,White rice,白米,250
573,Maultasche,マウルタッシェ,300
574,American chop suey,アメリカンチョップスーイ,350
575,Fish slice,フィッシュスライス,250
576,Sea cucumber,ナマコ,150
577,Beef ball,ビーフボール,200
578,Siu yuk,焼豚,350
579,Seafood birdsnest,シーフードバーズネスト,300
580,White cut chicken,白切鶏,250
581,/m/02vwryj,不明,0
582,Satsivi,サツィヴィ,300
583,Malpua,マルプア,250
584,Chhena gaja,チェナ・ガジャ,200
585,Flying Jacob,フライング・ヤコブ,400
586,Steak de Burgo,ステーキ・デ・ブルゴ,400
587,Crab Louie,クラブ・ルイ,250
588,Butter chicken,バターチキン,400
589,Amok trey,アモック・トレイ,300
590,Menemen,メネメン,250
591,Piadina,ピアディーナ,300
592,Orange cuttlefish,オレンジイカ,250
593,Fudge,ファッジ,200
594,Cottage Pudding,コテージプディング,300
595,Meatcake,ミートケーキ,350
596,Buttermilk pie,バターミルクパイ,350
597,Kalamay,カラマイ,250
598,Puto,プト,200
599,Dal makhani,ダル・マカニ,300
600,Mixiote,ミヒオテ,350
601,Bagel dog,ベーグルドッグ,300
602,Bún riêu,ブンリウ,300
603,Feijoada,フェイジョアーダ,450
604,Pho,フォー,350
605,Milk toast,ミルクトースト,200
606,Liver and onions,レバーとオニオン,350
607,Iced bun,アイスバン,200
608,Sheer khurma,シール・クルマ,250
609,Yi mein,伊麺,300
610,Shrimp roe noodles,エビ卵麺,300
611,Lai fun,ライファン,300
612,Oil noodles,油麺,300
613,Kal-guksu,カルグクス,300
614,Youmian,油麺,300
615,Avgolemono,アヴゴレモノ,250
616,Pork roll,ポークロール,300
617,Tart,タルト,250
618,Leberkäse,レバケーゼ,350
619,Kalakukko,カラクッコ,300
620,Mustamakkara,ムスタマッカラ,350
621,Baba ghanoush,ババガヌーシュ,150
622,Karelian pasty,カレリアンパスティ,250
623,Shortcake,ショートケーキ,250
624,Profiterole,プロフィットロール,200
625,Moussaka,ムサカ,350
626,Dulce de leche,ドゥルセ・デ・レチェ,150
627,Blaa,ブラー,200
628,Risotto,リゾット,300
629,Funnel cake,ファンネルケーキ,250
630,Fried dough,揚げ生地,250
631,Consommé,コンソメ,150
632,Clam chowder,クラムチャウダー,300
633,Tartiflette,タルティフレット,400
634,Red curry,レッドカレー,350
635,Tandoori chicken,タンドリーチキン,350
636,Gazpacho,ガスパチョ,150
637,Prosciutto,プロシュート,150
638,Boerewors,ボーレヴォルス,350
639,Baked potato,ベイクドポテト,200
640,Bouillabaisse,ブイヤベース,350
641,Kralan,クララン,250
642,Chireta,チレタ,300
643,Bakewell tart,ベイクウェルタルト,250
644,Grits,グリッツ,200
645,Shaved ice,かき氷,150
646,Choco pie,チョコパイ,200
647,Cumian,クミアン,300
648,Jokbal,チョクバル,350
649,Grillades,グリヤード,350
650,Hotteok,ホットク,250
651,Ezogelin soup,エゾゲリン・スープ,250
652,Knedle,クネードレ,200
653,Masgouf,マスグーフ,300
654,Sope,ソペ,200
655,Coconut rice,ココナッツライス,300
656,Bakarkhani,バカルカーニ,200
657,Asida,アシーダ,250
658,Dirt cake,ダートケーキ,300
659,Sel roti,セル・ロティ,200
660,Kalakand,カラカンド,200
661,Ghevar,ゲヴァル,200
662,Sussex pond pudding,サセックス・ポンドプディング,300
663,Lontong,ロントン,250
664,Bánh bèo,バイン・ベオ,200
665,Pringá,プリンガ,350
666,Bull roast,ブル・ロースト,400
667,Stuffed ham,詰めハム,350
668,Lablabi,ラブラビ,250
669,Gooey butter cake,グーイーバターケーキ,350
670,Carciofi alla giudia,カルチョーフィ・アッラ・ジュディア,200
671,Yin si juan,銀絲巻,200
672,Babi panggang,バビ・パンガン,350
673,Chao hong guo,炒紅果,150
674,Fun guo,粉果,200
675,Khira sagara,キラ・サガラ,250
676,Coconut bar,ココナッツバー,200
677,Sundae,スンデ,300
678,Tuna fish sandwich,ツナサンドイッチ,250
679,Zhangcha duck,樟茶鴨,350
680,Marry girl cake,マリーガールケーキ,250
681,Frijoles charros,フリホーレス・チャロス,300
682,Rosca de reyes,ロスカ・デ・レイエス,300
683,Happy Faces,ハッピーフェイス,200
684,Deviled crab,デビルドクラブ,250
685,Sundubu-jjigae,スンドゥブチゲ,300
686,Sinseollo,シンソルロ,350
687,Dongchimi,トンチミ,100
688,Nabak-kimchi,ナバクキムチ,100
689,Dhondas,ドンダス,200
690,Soan papdi,ソアンパプディ,200
691,Baek-kimchi,白キムチ,100
692,Chicken riggies,チキンリギーズ,350
693,Afelia,アフェリア,300
694,Gulyásleves,グヤーシュレーヴェシュ,350
695,Marie biscuit,マリービスケット,150
696,Café liégeois,カフェ・リエジョワ,250
697,Chè,チェー,200
698,Pootharekulu,プータレクル,200
699,Escalope,エスカロープ,300
700,Rajma,ラジマ,300
701,Beshbarmak,ベシュバルマク,400
702,Torta Tre Monti,トルタ・トレ・モンティ,300
703,French dip,フレンチディップ,400
704,Pumpkin-coconut custard,カボチャココナッツカスタード,250
705,Rose hip soup,ローズヒップスープ,200
706,Veggie burger,ベジーバーガー,300
707,Steak tartare,ステーキタルタル,250
708,Bologna sausage,ボローニャソーセージ,350
709,Pâté,パテ,150
710,Bibimbap,ビビンバ,350
711,Shahi paneer,シャーヒパニール,300
712,Fufu,フフ,300
713,Pyttipanna,ピュッティパンナ,350
714,Chicken sandwich,チキンサンドイッチ,350
715,Ghari,ガーリ,200
716,Michigan salad,ミシガンサラダ,250
717,Cabinet pudding,キャビネットプディング,300
718,American fried rice,アメリカンチャーハン,350
719,Korovai,コロヴァイ,300
720,Churrasco,チュラスコ,400
721,Pasulj,パスリ,300
722,Mitraillette,ミトライエット,400
723,Salată de boeuf,サラタ・デ・ブーフ,250
724,Rice pudding,ライスプディング,250
725,Rösti,ロスティ,250
726,Naryn,ナリン,350
727,Kaldereta,カルデレータ,400
728,Makroudh,マクルード,200
729,Kachumbari,カチュンバリ,150
730,Tsukemono,漬物,100
731,Cheese fries,チーズフライ,300
732,Slatko,スラトコ,150
733,Qatayef,カタエフ,200
734,Passatelli,パッサテッリ,300
735,Sweet potato soup,サツマイモスープ,250
736,Shchi,シチー,250
737,Kulfi,クルフィ,200
738,Dolma,ドルマ,200
739,Kai yang,ガイヤーン,350
740,Shark fin soup,フカヒレスープ,250
741,Pozole,ポソレ,350
742,Pakora,パコラ,200
743,Chantilly cake,シャンティケーキ,300
744,Krówki,クロフキ,150
745,Russian tea cake,ロシアンティーケーキ,150
746,Ox-tongue pastry,牛タンペストリー,250
747,Sachertorte,ザッハトルテ,300
748,Palitaw,パリタウ,200
749,Jolpan,ジョルパン,200
750,Mantou,饅頭,200
751,Finger steaks,フィンガーステーキ,300
752,Steak sandwich,ステーキサンドイッチ,400
753,Talo,タロ,200
754,Erkuai,エルクアイ,250
755,Mixian,米線,300
756,St. Louis-style pizza,セントルイススタイルピザ,400
757,Moambe,モアンベ,400
758,Upma,ウプマ,250
759,Panjiri,パンギリ,200
760,Eggs Sardou,エッグサルドー,300
761,Shanghai fried noodles,上海焼きそば,350
762,Quarkkäulchen,クァルクカウルヒェン,250
763,Cupcake,カップケーキ,200
764,Snickerdoodle,スニッカードゥードル,150
765,Farl,ファール,200
766,Coleslaw,コールスロー,150
767,Calas,カラス,200
768,Beef Stroganoff,ビーフストロガノフ,400
769,Shimotsukare,しもつかれ,250
770,Squab,スクワブ,250
771,Basbousa,バスブーサ,200
772,Watalappam,ワタラッパム,250
773,Tepsi baytinijan,テプシ・バイティニジャン,300
774,Kuli-kuli,クリクリ,200
775,Shabu-shabu,しゃぶしゃぶ,400
776,Sundae,スンデ,300
777,Fried brain sandwich,揚げ脳サンドイッチ,350
778,Rollmops,ロールモップス,150
779,Higashi,干菓子,100
780,Panna cotta,パンナコッタ,250
781,Aloo gobi,アルーゴビ,250
782,Aspic,アスピック,150
783,Obatzda,オバツダ,200
784,Gulab jamun,グラブジャムン,200
785,Tuna casserole,ツナキャセロール,300
786,Ribollita,リボリータ,250
787,Chomchom,チョムチョム,200
788,Rassolnik,ラッソルニク,250
789,Jeongol,チョンゴル,350
790,Cantonese seafood soup,広東シーフードスープ,300
791,Eggplant Salad,ナスサラダ,200
792,Kürtőskalács,キュルトゥーシュカラーチ,250
793,Pölsa,ポルサ,300
794,Lobster roll,ロブスターロール,350
795,Sloppy joe,スロッピージョー,350
796,Schnitzel,シュニッツェル,350
797,Bacalhau,バカリャウ,300
798,Sfenj,スフェンジ,200
799,Menudo,メヌード,350
800,Gujia,グジア,200
801,Liver soup,レバースープ,250
802,Panocha,パノチャ,250
803,Chakapuli,チャカプリ,300
804,Sklandrausis,スクランドラウシス,200
805,Liver pâté,レバーパテ,150
806,Rullepølse,ルッレポルセ,250
807,Frikadeller,フリカデラー,300
808,Frikandel,フリカンデル,250
809,Cinnamon roll,シナモンロール,250
810,Scotch pie,スコッチパイ,250
811,Hot wiener,ホットウィーナー,300
812,Wodzionka,ウォジョンカ,250
813,Greek salad,ギリシャサラダ,200
814,Raita,ライタ,150
815,Dong'an chicken,東安鶏,300
816,Boortsog,ボールツォグ,200
817,Coca,コカ,200
818,Champon,ちゃんぽん,350
819,Tabbouleh,タブーレ,150
820,Korokke,コロッケ,200
821,Chile relleno,チレ・レジェーノ,250
822,Brandade,ブランタード,250
823,Hoppang,ホッパン,200
824,Gozinaki,ゴジナキ,150
825,Lazarakia,ラザラキア,150
826,Puff Puff,パフパフ,200
827,Fatteh,ファッテ,250
828,Speculaas,スペキュラース,150
829,Karasumi,カラスミ,100
830,Brandy snaps,ブランデースナップ,150
831,Trdelník,トゥルデルニーク,250
832,Cocido madrileño,コシード・マドリレーニョ,400
833,Red velvet cake,レッドベルベットケーキ,300
834,Kringle,クリングル,250
835,Quenelle,クネル,200
836,Toasted ravioli,トーストラビオリ,250
837,Tajine,タジン,350
838,Cranachan,クラナカン,250
839,Rusk,ラスク,100
840,Mille-feuille,ミルフィーユ,250
841,Acorn noodle soup,どんぐり麺スープ,250
842,Gachas,ガチャス,250
843,Jingisukan,ジンギスカン,400
844,Thekua,テクア,200
845,Ghugni,ググニ,250
846,Tarama,タラマ,150
847,Italian beef,イタリアンビーフ,400
848,Challah,ハラ,250
849,Fried ice cream,揚げアイスクリーム,250
850,Onion ring,オニオンリング,200
851,Smoked meat,スモークミート,300
852,Dahi vada,ダヒ・ヴァダ,200
853,Mother-in-law,マザーインロー,350
854,Blondie,ブロンディ,200
855,Guk,クック,250
856,Hiyashi chūka,冷やし中華,350
857,Sweet shells,スウィートシェル,200
858,Salisbury steak,ソールズベリーステーキ,350
859,Poffertjes,ポッフェルチェス,200
860,Eggs Neptune,エッグネプチューン,300
861,Galbi-jjim,カルビチム,350
862,Agwi-jjim,アグイチム,350
863,Ladob,ラドブ,250
864,Instant-boiled mutton,インスタントボイルドマトン,400
865,Cincalok,チンカロク,100
866,Jook-sing noodles,竹昇麺,300
867,Potbrood,ポットブロード,250
868,Burkinabe cuisine,ブルキナベ料理,350
869,Taralli,タラッリ,150
870,Carbonade flamande,カルボナードフラマンド,400
871,Xôi,ソイ,250
872,Sauerbraten,ザウアーブラーテン,400
873,Spiedie,スピーディ,300
874,Gimbap,キムパプ,200
875,Czernina,チェルニナ,300
876,Kroppkaka,クロップカーカ,300
877,Buddha's delight,仏陀の喜び,250
878,Pain au chocolat,パンオショコラ,250
879,Goetta,ゲッタ,300
880,German chocolate cake,ジャーマンチョコレートケーキ,300
881,Melt sandwich,メルトサンドイッチ,350
882,Popiah,ポピア,200
883,Haleem,ハリーム,300
884,Hornazo,オルナソ,300
885,Janchi-guksu,ジャンチグクス,300
886,Kipper,キッパー,250
887,Bossam,ボッサム,350
888,Arbroath smokie,アーブローススモーキー,250
889,Bologna sandwich,ボローニャサンドイッチ,350
890,Cobbler,コブラー,300
891,Kouign-amann,クイニーアマン,250
892,Char kway teow,チャークアイテオ,350
893,Rostbrätel,ローストブレーテル,350
894,Doenjang-jjigae,テンジャンチゲ,300
895,Tharid,サリード,300
896,Hainanese chicken rice,海南鶏飯,350
897,Bak kut teh,バクテー,400
898,Cabbage roll,キャベツロール,250
899,Runza,ルンザ,350
900,Bananas Foster,バナナフォスター,250
901,Kozhukkatta,コジュカッタ,200
902,Kūčiukai,クーチュカイ,100
903,Smørrebrød,スモーブロー,250
904,Kutia,クティア,250
905,Deviled egg,デビルドエッグ,100
906,Buchteln,ブフテルン,250
907,Apple strudel,アップルシュトゥルーデル,300
908,Wonton,ワンタン,200
909,Chess pie,チェスパイ,300
910,Pirozhki,ピロシキ,250
911,Douzhi,豆汁,150
912,Macaroni soup,マカロニスープ,250
913,Crossing-the-bridge noodles,過橋米線,300
914,Lechazo,レチャソ,400
915,Rolled oyster,ロールオイスター,250
916,Asam pedas,アサムペダス,300
917,Mi krop,ミークロップ,250
918,Patoleo,パトレオ,200
919,Rigó Jancsi,リゴー・ヤンチ,250
920,Ollada,オヤーダ,400
921,Garbure,ガルビュール,350
922,Sabudana Khichadi,サブダナ・キチャディ,250
923,Potée,ポテ,400
924,Phanaeng curry,パネンカレー,350
925,Madeleine,マドレーヌ,150
926,Mashed pumpkin,マッシュカボチャ,200
927,Suet pudding,スエットプディング,300
928,Bombay mix,ボンベイミックス,200
929,Namagashi,生菓子,150
930,Struffoli,ストゥルッフォリ,200
931,Dak-galbi,タッカルビ,350
932,Chuchvara,チュチュヴァラ,200
933,Misal,ミサル,250
934,Patatnik,パタトニック,250
935,Yuxiang,魚香,300
936,Frozen banana,フローズンバナナ,150
937,Psarosoupa,プサロスーパ,250
938,Mekitsa,メキツァ,200
939,Sanna,サンナ,200
940,Qazı,カズィ,300
941,Sorbetes,ソルベテス,150
942,Potatoes O'Brien,ポテトオブライエン,250
943,Tom yum,トムヤム,300
944,Balushahi,バルシャヒ,200
945,Arroz a la cubana,アロス・ア・ラ・クバーナ,350
946,Jalebi,ジャレビ,200
947,Sopaipilla,ソパイピージャ,200
948,Ukha,ウハー,250
949,Svíčková,スヴィチュコヴァー,350
950,Túrós csusza,トゥーローシュ・チュサ,300
951,Pinnekjøtt,ピンネショット,400
952,Salty liquorice,塩リコリス,100
953,Lemon ice box pie,レモンアイスボックスパイ,300
954,Knickerbocker glory,ニッカーボッカーグローリー,250
955,Zhajiangmian,炸醤麺,350
956,Cobb salad,コブサラダ,250
957,Misua,ミスア,250
958,Shoofly pie,シューフライパイ,300
959,Bhakri,バクリ,200
960,Apple cake,アップルケーキ,300
961,Orange chicken,オレンジチキン,350
962,Jamón serrano,ハモンセラーノ,150
963,Bundt cake,バントケーキ,300
964,Bara brith,バラブリス,250
965,Hot pot,火鍋,400
966,Kung Pao chicken,宮保鶏丁,350
967,Mulukhiyah,ムルキーヤ,250
968,Piti,ピティ,350
969,Double ka meetha,ダブル・カ・ミータ,250
970,Choila,チョイラ,250
971,Moustalevria,ムスタレヴリア,200
972,Arizona cheese crisp,アリゾナチーズクリスプ,300
973,Rice Krispies Treats,ライスクリスピートリーツ,150
974,Liangpi,涼皮,250
975,Prinskorv,プリンスコルフ,250
976,Salmorejo,サルモレホ,200
977,Chicken Française,チキンフランセーズ,350
978,Fläskkorv,フレスコルフ,350
979,Glorified rice,グロリファイドライス,250
980,/m/04zzsvg,不明,0
981,Stinky tofu,臭豆腐,150
982,Muffuletta,マフレッタ,400
983,Soy sauce chicken,醤油鶏,350
984,Chicken fingers,チキンフィンガー,250
985,Pecan pie,ピーカンパイ,400
986,Eba,エバ,300
987,Parfait,パフェ,250
988,Ndolé,ンドレ,300
989,Cheese sandwich,チーズサンドイッチ,300
990,Carne de vinha d'alhos,カルネ・デ・ヴィーニャ・ダリョス,400
991,Bob Andy pie,ボブアンディパイ,300
992,Cincinnati chili,シンシナティチリ,400
993,Frico,フリコ,200
994,Tapioca pudding,タピオカプディング,200
995,Minestrone,ミネストローネ,250
996,Boxty,ボクスティ,250
997,Naengmyeon,冷麺,300
998,Seven-layer salad,セブンレイヤーサラダ,250
999,/m/0553tg,不明,0
1000,Cawl,カウル,350
1001,Chocolate pudding,チョコレートプディング,300
1002,Hotdish,ホットディッシュ,600
1003,Ciccioli,チッチョリ,200
1004,Douhua,豆花,150
1005,Berliner,ベルリナー,250
1006,Fried fish,揚げ魚,400
1007,Apple crisp,アップルクリスプ,350
1008,Boudin,ブーダン,450
1009,Yusheng,ユーシェン,300
1010,Babka,バブカ,400
1011,Pizzoccheri,ピッツォッケリ,500
1012,Welsh cake,ウェルシュケーキ,200
1013,Parker House roll,パーカーハウスロール,250
1014,Tripe soup,トリップスープ,350
1015,Chimichanga,チミチャンガ,600
1016,Jucy Lucy,ジューシールーシー,700
1017,Dodger Dog,ドジャードッグ,500
1018,Pastiera,パスティエラ,400
1019,Huarache,ウアラチェ,450
1020,Solkadhi,ソルカディ,150
1021,Schupfnudel,シュプフヌーデル,400
1022,Waldorf pudding,ウォルドルフプディング,350
1023,Harees,ハリース,400
1024,Ash reshteh,アシュ・レシュテ,450
1025,Celery Victor,セロリビクター,200
1026,Diples,ディプレス,250
1027,Kompot,コンポート,150
1028,French onion soup,フレンチオニオンスープ,300
1029,Tres leches cake,トレスレチェスケーキ,400
1030,Torta caprese,トルタカプレーゼ,450
1031,Black Forest gateau,ブラックフォレストケーキ,500
1032,Pâté aux pommes de terre,ポテトパテ,400
1033,Lâpa,ラパ,300
1034,Bündner Nusstorte,ビュンドナーヌストルテ,450
1035,Hachee,ハチェー,500
1036,Spaghetti aglio e olio,スパゲッティアリオエオリオ,400
1037,Whoopie pie,ウーピーパイ,350
1038,Ais kacang,アイスカチャン,200
1039,Chermoula,シェルムーラ,100
1040,Gado-gado,ガドガド,300
1041,Merguez,メルゲーズ,400
1042,Snickers salad,スニッカーズサラダ,350
1043,Giouvetsi,ギウヴェツィ,500
1044,Kharcho,ハルチョ,450
1045,Chicken fried bacon,チキンフライドベーコン,600
1046,Dessert bar,デザートバー,250
1047,Coulibiac,クリビアック,500
1048,Thieboudienne,ティエブジェン,550
1049,Rabri,ラブリ,300
1050,Sapin-sapin,サピンサピン,250
1051,Sealed crustless sandwich,シールドクラストレサンドイッチ,400
1052,Carne asada,カルネアサダ,550
1053,Coyotas,コヨタス,300
1054,Chocolate-covered bacon,チョコレートカバードベーコン,350
1055,Stroopwafel,ストロープワッフェル,250
1056,Gravlax,グラブラックス,200
1057,Pot pie,ポットパイ,500
1058,Ghormeh sabzi,ゴルメサブジ,450
1059,Surf and turf,サーフアンドターフ,600
1060,Brunswick stew,ブランズウィックスチュ,500
1061,Mititei,ミティテイ,400
1062,Fluffernutter,フラッファーナッター,350
1063,Khaja,カジャ,200
1064,Stottie cake,ストッティケーキ,300
1065,London broil,ロンドンブロイル,550
1066,Fasolada,ファソラダ,350
1067,Strudel,シュトゥルーデル,400
1068,Øllebrød,オレブロッド,300
1069,Tamago kake gohan,卵かけご飯,250
1070,Hot water corn bread,ホットウォーターコーンブレッド,200
1071,Philippine adobo,フィリピンアドボ,450
1072,Hulatang,フラタン,400
1073,Dyrlægens natmad,デュルレゲンス・ナトマッド,350
1074,Chistorra,チストラ,300
1075,Polkagris,ポルカグリス,100
1076,Galbi-tang,カルビタン,500
1077,Mrouzia,ムルジア,450
1078,Gopchang-jeongol,ゴプチャンジョンゴル,550
1079,Miang kham,ミアンカム,200
1080,Clams casino,クラムズカジノ,350
1081,Nanbanzuke,南蛮漬け,250
1082,Dripping cake,ドリッピングケーキ,400
1083,Cookie salad,クッキーサラダ,350
1084,Usal,ウサル,300
1085,Mandu-guk,マンドゥグク,400
1086,Smalahove,スマラホーヴェ,500
1087,Kokis,コキス,200
1088,Ori-tang,オリタン,450
1089,Pakhala,パカラ,300
1090,Cream pie,クリームパイ,400
1091,Butajiru,豚汁,350
1092,New England boiled dinner,ニューイングランドボイルドディナー,500
1093,Chhena jalebi,チェナジャレビ,250
1094,Pastitsio,パスティツィオ,450
1095,Panucho,パヌチョ,350
1096,Chhena kheeri,チェナキーリ,300
1097,Kifli,キフリ,250
1098,Solyanka,ソリャンカ,400
1099,Sadhya,サディヤ,500
1100,Cullen skink,カレンスキンク,350
1101,Havregrynskugle,ハヴレグリュンスクーグル,200
1102,Harira,ハリラ,400
1103,Cornish game hen,コーニッシュゲームヘン,450
1104,Beef on weck,ビーフオンウェック,500
1105,Tompouce,トンプース,300
1106,Caldo de siete mares,カルドデシエテマレス,450
1107,Millionbøf,ミリオンベフ,500
1108,Chicago-style hot dog,シカゴスタイルホットドッグ,400
1109,Risalamande,リサラマンデ,350
1110,Alinazik kebab,アリナジクケバブ,450
1111,Medisterpølse,メディステルポルセ,400
1112,Sarson da saag,サルソンダサーグ,350
1113,Liangfen,涼粉,150
1114,Pistolette,ピストレット,300
1115,Steamed clams,蒸しアサリ,250
1116,Ulam,ウラム,200
1117,Kheer,キール,300
1118,Tlacoyo,トラコヨ,350
1119,Tarator,タラトール,200
1120,/m/061ptq,不明,0
1121,/m/062p8x,不明,0
1122,Cochinita pibil,コチニータピビル,500
1123,Buddha Jumps Over the Wall,仏跳牆,600
1124,Sfouf,スフーフ,250
1125,Ham and cheese sandwich,ハムアンドチーズサンドイッチ,400
1126,Peanut butter,ピーナッツバター,100
1127,Bacon,ベーコン,200
1128,Chicken karahi,チキンカラヒ,450
1129,Maple bacon donut,メープルベーコンドーナツ,350
1130,Litti,リッティ,250
1131,Nam Khao,ナムカオ,350
1132,Nam tok,ナムトック,400
1133,Baozi,包子,250
1134,Kibbeh,キッベ,300
1135,Kushari,クシャリ,400
1136,Jiuniang,酒醸,200
1137,/m/06603bl,不明,0
1138,Machher Jhol,マチェルジョル,350
1139,Fahsa,ファハサ,500
1140,Mysore pak,マイソールパック,300
1141,Chalupa,チャルーパ,400
1142,Swiss roll,スイスロール,300
1143,Balkenbrij,バルケンブリ,400
1144,Tortas de aceite,トルタスデアセイテ,250
1145,Popover,ポップオーバー,250
1146,Falooda,ファルーダ,300
1147,Macaroni salad,マカロニサラダ,350
1148,Barbacoa,バルバコア,500
1149,Hushpuppy,ハッシュパピー,250
1150,Luther Burger,ルターバーガー,600
1151,Ragout,ラグー,450
1152,Bánh bao,バインバオ,250
1153,Moronga,モロンガ,400
1154,Hayashi rice,ハヤシライス,400
1155,Zürcher Geschnetzeltes,チューリッヒ風グシュネツェルテス,450
1156,Éclair,エクレア,250
1157,Colcannon,コルキャノン,350
1158,Bear claw,ベアクロー,350
1159,Francesinha,フランセシーニャ,550
1160,Wat,ワット,400
1161,Loco moco,ロコモコ,600
1162,Hot milk cake,ホットミルクケーキ,350
1163,Hoe,ホエ,250
1164,Gordita,ゴルディータ,400
1165,Macaron,マカロン,100
1166,Pepperoni roll,ペパロニロール,350
1167,Rasgulla,ラスグッラ,200
1168,Angel wings,エンジェルウィングス,250
1169,Huevos rancheros,ウエボスランチェロス,400
1170,Caprese salad,カプレーゼサラダ,250
1171,Kombdi vade,コンブディヴァデ,400
1172,Yong tau foo,ヨントーフー,350
1173,Chai tow kway,チャイトウクウェイ,350
1174,Machaca,マチャカ,450
1175,Ugali,ウガリ,300
1176,Arròs negre,アロスネグレ,450
1177,Kimchi fried rice,キムチチャーハン,350
1178,Frybread,フライブレッド,300
1179,Halo-halo,ハロハロ,300
1180,Shiokara,塩辛,150
1181,Janssons frestelse,ヤンソンスフレステルセ,350
1182,Hot Brown,ホットブラウン,500
1183,Torta,トルタ,400
1184,Ćevapi,チェヴァピ,350
1185,Salt water taffy,塩水タフィー,100
1186,Çılbır,チルブル,250
1187,Murtabak,ムルタバク,400
1188,Tahu goreng,タフゴレン,250
1189,Soto ayam,ソトアヤム,400
1190,Mee siam,ミーシアム,350
1191,Submarine sandwich,サブマリンサンドイッチ,500
1192,Halušky,ハルシュキ,350
1193,Kimchi-jjigae,キムチチゲ,400
1194,Fish ball,魚団子,200
1195,Blodpalt,ブロッドパルト,350
1196,Lebanon bologna,レバノンボローニャ,300
1197,Okroshka,オクローシュカ,250
1198,Linzer torte,リンツァートルテ,400
1199,Shrikhand,シュリカンド,300
1200,Yakiniku,焼肉,500
1201,Huevos divorciados,ウエボスディボルシアードス,400
1202,Nihari,ニハリ,450
1203,Sautéed reindeer,ソテーしたトナカイ,400
1204,Hasty pudding,ヘイスティプディング,300
1205,Mission burrito,ミッションブリトー,600
1206,Sweet and sour pork,酢豚,400
1207,Rødgrød,レッドグレッド,200
1208,Booyah,ブーヤ,500
1209,Bienenstich,ビーネンシュティッヒ,400
1210,Dressed herring,ドレスドヘリング,250
1211,New York-style pizza,ニューヨークスタイルピザ,600
1212,Bistek,ビステック,450
1213,Sinigang,シニガン,400
1214,Fios de ovos,フィオスデオヴォス,200
1215,Vitello tonnato,ヴィテッロトンナート,350
1216,Bisque,ビスク,350
1217,/m/06w9wv4,不明,0
1218,Modak,モダック,200
1219,New Haven-style pizza,ニューヘイブンスタイルピザ,600
1220,California-style pizza,カリフォルニアスタイルピザ,550
1221,Wrap,ラップ,400
1222,Puri,プリ,250
1223,Jamón,ハモン,150
1224,Khash,カシュ,450
1225,Beef bourguignon,ビーフブルギニョン,500
1226,Truffade,トリュファード,400
1227,Bò nướng lá lốt,ボーニュオンラロット,350
1228,Ful medames,フルメダメス,300
1229,Aligot,アリゴ,400
1230,Kolach,コラチ,350
1231,Guaiwei,怪味,250
1232,Kesme,ケスメ,350
1233,Funeral potatoes,フューネラルポテト,400
1234,Sushi,寿司,250
1235,Arancini,アランチーニ,300
1236,Creamed corn,クリームドコーン,250
1237,Mozzarella sticks,モッツァレラスティック,300
1238,American goulash,アメリカングーラッシュ,450
1239,Gofio,ゴフィオ,200
1240,Soup alla Canavese,スープアラカナヴェーゼ,350
1241,Red beans and rice,レッドビーンズアンドライス,400
1242,Rössypottu,ロッシーポットゥ,450
1243,Fläskpannkaka,フレスクパンクーカ,400
1244,Hyderabadi biryani,ハイデラバーディビリヤニ,500
1245,Baeckeoffe,ベッケオフ,500
1246,Eton mess,イートンメス,300
1247,Khachapuri,ハチャプリ,400
1248,Banoffee pie,バノフィーパイ,450
1249,Ants climbing a tree,アリが木に登る,350
1250,Dandan noodles,担々麺,400
1251,Suanla chaoshou,酸辣抄手,350
1252,Samgye-tang,参鶏湯,450
1253,Spam musubi,スパムむすび,300
1254,Bridie,ブリディ,350
1255,Kaju katli,カジュカトリ,250
1256,Chocolate-covered potato chips,チョコレートカバードポテトチップス,300
1257,Enne gai,エンガイ,400
1258,Ruske kape,ルスケカペ,300
1259,Spaghetti,スパゲッティ,400
1260,Grass jelly,仙草ゼリー,150
1261,Salt potatoes,ソルトポテト,250
1262,Katsudon,カツ丼,500
1263,Pasanda,パサンダ,450
1264,Banitsa,バニツァ,350
1265,Flammekueche,フラムクーヘ,400
1266,Twice-cooked pork,回鍋肉,400
1267,Kare-kare,カレカレ,450
1268,Laobing,老餅,250
1269,Banmian,板麺,350
1270,Honey cake,ハニケーキ,400
1271,Swiss wing,スイスウィング,400
1272,Michigan hot dog,ミシガンホットドッグ,400
1273,Tong sui,糖水,200
1274,Taco,タコス,350
1275,Sosatie,ソサティ,350
1276,Pap,パップ,300
1277,Umngqusho,ウムンガショ,350
1278,Malva pudding,マルヴァプディング,400
1279,Vichyssoise,ビシソワーズ,250
1280,Zōni,雑煮,350
1281,Maxwell Street Polish,マクスウェルストリートポーリッシュ,400
1282,Vetkoek,フェットクック,300
1283,Mealie bread,ミーリーブレッド,250
1284,Chakalaka,チャカラカ,250
1285,Frikkadel,フリッカデル,350
1286,/m/07fr1x,不明,0
1287,Tteokguk,トックク,350
1288,Coney Island hot dog,コニーアイランドホットドッグ,400
1289,Tirokafteri,ティロカフテリ,200
1290,Fesikh,フェシク,300
1291,Boston cream pie,ボストンクリームパイ,400
1292,Buttermilk koldskål,バターミルクコールドスコール,250
1293,White boiled shrimp,白ゆでエビ,150
1294,Bagnun,バグヌン,350
1295,Buntil,ブンティル,300
1296,/m/07l949,不明,0
1297,Pisto,ピスト,250
1298,Dhokla,ドクラ,200
1299,Al pastor,アルパストール,450
1300,St. Paul sandwich,セントポールサンドイッチ,400
1301,Melonpan,メロンパン,250
1302,Haupia,ハウピア,200
1303,Lángos,ラーンゴシュ,300
1304,Étouffée,エトゥフェ,450
1305,Galaktoboureko,ガラクトブレコ,350
1306,Börek,ビュレック,350
1307,Suya,スヤ,350
1308,Rye bread,ライ麦パン,200
1309,Escudella i carn d'olla,エスクデリャイカルンドラ,500
1310,Gari,ガリ,100
1311,Tilkut,ティルクト,200
1312,Botok,ボトック,300
1313,Tatws Pum Munud,タトゥスプムムヌド,350
1314,Char siu,叉焼,400
1315,Burgoo,バーグー,500
1316,Cacık,ジャジュック,150
1317,Barfi,バルフィ,250
1318,Mulligan stew,マリガンスチュ,450
1319,Biangbiang noodles,ビャンビャン麺,400
1320,Banana pudding,バナナプディング,350
1321,Crab cake,クラブケーキ,350
1322,Chinese sausage,中国ソーセージ,300
1323,Veal,仔牛肉,400
1324,Curry bread,カレーパン,300
1325,Pastry heart,ペストリーハート,250
1326,Crème caramel,クレームカラメル,250
1327,Panada,パナーダ,350
1328,Pie à la Mode,パイアラモード,400
1329,Bonus Jack,ボーナスジャック,500
1330,Princess cake,プリンセスケーキ,400
1331,Harihari-nabe,ハリハリ鍋,450
1332,Hot chicken,ホットチキン,500
1333,Chhena Jhili,チェナジリ,250
1334,Grape pie,グレープパイ,400
1335,Chicken bog,チキンボッグ,450
1336,Sausage gravy,ソーセージグレービー,350
1337,Derby pie,ダービーパイ,450
1338,Ice cream cake,アイスクリームケーキ,400
1339,Swiss steak,スイスステーキ,450
1340,/m/083tx9,不明,0
1341,Stack cake,スタックケーキ,400
1342,Lobster Newberg,ロブスターニューバーグ,450
1343,Nikujaga,肉じゃが,350
1344,Manti,マンティ,300
1345,Parmigiana,パルミジャーナ,450
1346,Palatschinke,パラチンケ,250
1347,Gujeolpan,九節板,350
1348,Rajas con crema,ラハスコンクレマ,300
1349,Mak-guksu,マッククス,350
1350,Tetrazzini,テトラジーニ,450
1351,Squid,イカ,250
1352,Palak paneer,パラックパニール,350
1353,Krumkake,クルムカーケ,200
1354,Bolani,ボラニ,250
1355,Pork and beans,ポークアンドビーンズ,350
1356,Nian gao,年糕,250
1357,Oysters Rockefeller,オイスターズロックフェラー,350
1358,Tavče gravče,タヴチェグラヴチェ,350
1359,Bakkwa,バクワ,300
1360,Xacuti,シャクティ,400
1361,Sarapatel,サラパテル,400
1362,Taquito,タキート,300
1363,Egg drop soup,卵スープ,200
1364,Shaobing,焼餅,250
1365,Chawanmushi,茶碗蒸し,150
1366,Nshima/Nsima,ンシマ,300
1367,Pollock roe,タラコ,150
1368,Slinger,スリンガー,600
1369,Japchae,チャプチェ,350
1370,St. Honoré cake,サントノレケーキ,400
1371,Barm cake,バームケーキ,250
1372,Tulumba,トゥルムバ,250
1373,Xiaolongbao,小籠包,250
1374,Delmonico steak,デルモニコステーキ,550
1375,Stromboli,ストロンボリ,450
1376,Kanafeh,クナーファ,300
1377,Hamdog,ハムドッグ,500
1378,Garri,ガリ,150
1379,Kofta,コフタ,350
1380,Chana masala,チャナマサラ,350
1381,Salo,サロ,200
1382,Lung fung soup,龍鳳湯,300
1383,Dirty rice,ダーティライス,400
1384,Urnebes,ウルネベス,200
1385,Andouillette,アンドゥイエット,400
1386,Landjäger,ランドイェーガー,300
1387,Fisherman's soup,フィッシャーマンズスープ,400
1388,Romeritos,ロメリトス,350
1389,Lane cake,レーンケーキ,400
1390,Pork jelly,ポークゼリー,250
1391,Idiyappam,イディヤッパム,200
1392,Smörgåstårta,スモーガストルタ,450
1393,Smažený sýr,スマジェニースィール,400
1394,Arroz con pollo,アロスコンポヨ,450
1395,/m/08xmsn,不明,0
1396,Petit gâteau,プチガトー,250
1397,Tea egg,茶葉卵,100
1398,Cocada amarela,コカーダアマレーラ,300
1399,Japanese curry,カレー,450
1400,Qeema,キーマ,400
1401,Unagi,うなぎ,300
1402,Hoppin' John,ホッピンジョン,400
1403,Gyūhi,求肥,150
1404,Clafoutis,クラフティ,350
1405,Green curry,グリーンカレー,400
1406,Gỏi cuốn,ゴイ・クオン,200
1407,Chilli crab,チリクラブ,450
1408,Lo mai gai,盧米鶏,300
1409,Lo mein,ローメン,400
1410,Puttu,プットゥ,200
1411,Fried pie,フライドパイ,300
1412,Spanish rice,スパニッシュライス,350
1413,Nuea phat phrik,ヌアパットプリック,400
1414,Jeow bong,ジェオボン,150
1415,Massaman curry,マッサマンカレー,450
1416,Ostkaka,オストカーカ,350
1417,Guilinggao,亀苓膏,150
1418,Spettekaka,スペッテカーカ,350
1419,Cudighi,クディギ,400
1420,Saltimbocca,サルティンボッカ,350
1421,Sfogliatella,スフォリアテッラ,300
1422,Beef chow fun,ビーフチャウファン,400
1423,Chow mein sandwich,チャウメンサンドイッチ,450
1424,Carnitas,カルニータス,450
1425,Chinese steamed eggs,中華蒸し卵,150
1426,Oyster omelette,オイスターオムレツ,300
1427,Garden salad,ガーデンサラダ,150
1428,Salade niçoise,サラダニソワーズ,250
1429,Dal bhat,ダルバート,350
1430,Biscuits and gravy,ビスケットアンドグレービー,400
1431,Omurice,オムライス,400
1432,Pao cai,泡菜,100
1433,Nasi liwet,ナシリウェット,350
1434,Thai suki,タイスキ,450
1435,Moo shu pork,ムーシューポーク,400
1436,Corn crab soup,コーンクラブスープ,300
1437,Fabes con almejas,ファベスコンアルメハス,400
1438,Golden Opulence Sundae,ゴールデンオピュレンスサンデー,300
1439,Ketoprak,ケトプラック,350
1440,Mala Mogodu,マラモゴドゥ,450
1441,Tekwan,テクワン,350
1442,Vatrushka,ヴァトルーシュカ,250
1443,Yin Yang fish,陰陽魚,400
1444,Boston cream doughnut,ボストンクリームドーナツ,300
1445,Ramen,ラーメン,450
1446,Home fries,ホームフライ,300
1447,Mustacciuoli,ムスタッチョーリ,250
1448,Clam cake,クラムケーキ,300
1449,Sarma,サルマ,350
1450,Shahe fen,沙河粉,350
1451,Charleston red rice,チャールストンレッドライス,350
1452,Fish head curry,フィッシュヘッドカレー,450
1453,Podvarak,ポドヴァラク,350
1454,Pihtije,ピフティエ,300
1455,Popara,ポパラ,350
1456,Kačamak,カチャマク,350
1457,Seolleongtang,ソルロンタン,400
1458,Gołąbki,ゴウォンプキ,350
1459,Szaloncukor,サロンツコル,100
1460,Kalduny,カルドゥニ,250
1461,Zrazy,ズラジ,350
1462,Panettone,パネットーネ,400
1463,Ambelopoulia,アンベロプーリア,250
1464,Persimmon pudding,柿プディング,350
1465,Floating island,フローティングアイランド,250
1466,Zeeuwse bolus,ゼーウセボルス,250
1467,Ambuyat,アンブヤット,300
1468,Smulpaj,スムルパイ,350
1469,Moravian spice cookies,モラヴィアンスパイスクッキー,200
1470,Mee pok,ミーポック,350
1471,Jjigae,チゲ,400
1472,Pizza bagel,ピザベーグル,400
1473,Tteok,トック,200
1474,Brændende kærlighed,ブレネンデ・ケアリヘッド,350
1475,Beaten biscuit,ビートンビスケット,200
1476,Æbleflæsk,エーブルフレスク,350
1477,Chicken paprikash,チキンパプリカシュ,450
1478,Tangyuan,湯円,200
1479,Tuna pot,ツナポット,350
1480,Burnt ends,バントエンド,450
1481,Jamón ibérico,ハモンイベリコ,150
1482,Rakfisk,ラクフィスク,300
1483,Zarangollo,ザランゴーリョ,250
1484,Túró Rudi,トゥーロールディ,200
1485,Flummery,フラマリー,250
1486,Cecina,セシナ,250
1487,Galinha à portuguesa,ガリーニャアポルトゥゲサ,450
1488,Ankimo,アンキモ,150
1489,Galinha à africana,ガリーニャアアフリカーナ,450
1490,Cha siu bao,叉焼包,250
1491,Fugu chiri,ふぐちり,250
1492,Assidat Zgougou,アシーダトズゴウゴウ,350
1493,Oxtail stew,オックステールシチュー,500
1494,Laping,ラーピン,250
1495,Chaku,チャク,200
1496,Caldillo de perro,カルディーヨデペロ,400
1497,Sopa de Gato,ソパデガト,350
1498,Keledoş,ケレドシュ,450
1499,Mücver,ミュジュヴェル,250
1500,Brotzeit,ブロートツァイト,350
1501,Shekerbura,シェケルブラ,150
1502,Oeufs en meurette,ウフ・アン・ムレット,250
1503,Pappa al pomodoro,パッパ・アル・ポモドーロ,300
1504,Teurgoule,トゥールグル,250
1505,Bánh xèo,バインセオ,300
1506,Musakhan,ムサハン,350
1507,Maqluba,マクルーバ,400
1508,Bob chorba,ボブチョルバ,350
1509,Rum baba,ラムババ,200
1510,Veda bread,ヴェーダブレッド,200
1511,Fried shrimp,揚げエビ,250
1512,Pastilla,パスティーヤ,300
1513,Strawberry delight,ストロベリーディライト,200
1514,Cheese dream,チーズドリーム,250
1515,Frejon,フレジョン,300
1516,Gyeran-jjim,ケランチム,200
1517,Revithia,レヴィティア,300
1518,Nasi bogana,ナシ・ボガナ,350
1519,Torta de gazpacho,トルタ・デ・ガスパチョ,250
1520,Double Down,ダブルダウン,400
1521,Seri Muka,セリ・ムカ,200
1522,Obi non,オビノン,200
1523,Garganelli,ガルガネッリ,300
1524,Kig ha farz,キグ・ハ・ファルツ,350
1525,Mississippi mud pie,ミシシッピマッドパイ,300
1526,Eve's pudding,イヴズプディング,250
1527,Amala,アマラ,300
1528,Okinawa soba,沖縄そば,300
1529,Lamian,ラミエン,300
1530,Soki,ソーキ,250
1531,Chicken Maryland,チキンメリーランド,350
1532,Chanpurū,チャンプルー,300
1533,Mlinci,ムリンツィ,250
1534,Smyrna meatballs,スミルナミートボール,300
1535,Tavern sandwich,タバーンサンドイッチ,300
1536,Yangzhou fried rice,揚州チャーハン,300
1537,Qutab,クタブ,200
1538,Dum Aloo,ダムアルー,300
1539,Queijo do Pico,ケイジョ・ド・ピコ,150
1540,Cocada,コカーダ,150
1541,Calf's liver and bacon,仔牛のレバーとベーコン,300
1542,Moules-frites,ムールフリット,350
1543,Anarsa,アナールサ,150
1544,Tlayuda,トラユダ,300
1545,Šakotis,シャコティス,250
1546,Jollof rice,ジョロフライス,350
1547,Moin moin,モインモイン,250
1548,Jam roly-poly,ジャムローリーポーリー,250
1549,Hochzeitssuppe,ホッホツァイトスッペ,300
1550,Mucenici,ムチェニチ,200
1551,Ema datshi,エマダツィ,300
1552,Ngo hiang,ゴーヒャン,200
1553,Jello salad,ジェロサラダ,250
1554,Claypot chicken rice,土鍋チキンライス,350
1555,Maeun-tang,メウンタン,350
1556,Cifantuan,ツーファントゥアン,200
1557,Rhubarb pie,ルバーブパイ,250
1558,Olla podrida,オジャ・ポドリダ,350
1559,Har gow,ハーガウ,200
1560,Sayur lodeh,サユール・ロデ,300
1561,Memela,メメラ,250
1562,Wenchang chicken,文昌鶏,300
1563,Galinhada,ガリニャーダ,350
1564,Lecsó,レチョー,300
1565,Gypsy tart,ジプシータルト,250
1566,Bougatsa,ブガツァ,200
1567,Germknödel,ゲルムクヌーデル,250
1568,Haystack,ヘイスタック,250
1569,Yule log,ユールログ,250
1570,Butter cookie,バタークッキー,100
1571,Chicken à la King,チキンアラキング,300
1572,Méchoui,メシュイ,350
1573,Croquette,クロケット,200
1574,Shami kebab,シャミケバブ,200
1575,Chicken and waffles,チキンとワッフル,350
1576,Poke,ポケ,300
1577,Punsch-roll,プンシュロール,150
1578,Turtle soup,亀スープ,300
1579,Kansar,カンサール,250
1580,Glamorgan sausage,グラモーガンソーセージ,200
1581,Mango pudding,マンゴープディング,200
1582,Bánh canh,バインカン,300
1583,Caparrones,カパロネス,350
1584,Zopf,ツォプフ,250
1585,Bath bun,バスバン,200
1586,Chelsea bun,チェルシーバン,200
1587,London bun,ロンドンバン,200
1588,Saffron bun,サフラン・バン,200
1589,Chakhchoukha,チャクチュカ,350
1590,Angel food cake,エンジェルフードケーキ,250
1591,Lalab,ララブ,250
1592,Suckling pig,子豚の丸焼き,400
1593,Barmbrack,バームブラック,250
1594,Kotlet schabowy,コトレットシャボウィ,300
1595,Pastel de nata,パステル・デ・ナタ,150
1596,Shave ice,シェイブアイス,200
1597,Tipsy cake,ティプシケーキ,250
1598,Creamed eggs on toast,クリームエッグオントースト,250
1599,Kerak telor,ケラックテロール,250
1600,Ogok-bap,オゴクパプ,300
1601,Mortadella,モルタデッラ,200
1602,Nut roll,ナットロール,200
1603,Fried green tomatoes,揚げグリーントマト,250
1604,Beondegi,ボンデギ,150
1605,Tsoureki,ツレキ,250
1606,Tiropita,チロピタ,200
1607,Pljeskavica,プリェスカヴィツァ,250
1608,Karađorđeva šnicla,カラジョルジェヴァシュニツラ,300
1609,Kokoretsi,ココレツィ,250
1610,Skilpadjies,スキルパジーズ,250
1611,Corn chowder,コーンチャウダー,300
1612,Tarhana,タルハナ,300
1613,Tufahije,トゥファヒエ,200
1614,Birria,ビリア,350
1615,Veal Orloff,ヴィールオルロフ,300
1616,Fattoush,ファットゥーシュ,250
1617,Pane carasau,パーネ・カラサウ,150
1618,Rab cake,ラブケーキ,250
1619,Buffalo burger,バッファローバーガー,300
1620,Treacle tart,トリクルタルト,250
1621,Hamburger,ハンバーガー,300
1622,Stamppot,スタムポット,350
1623,Kopytka,コピトカ,250
1624,Khai yat sai,カイヤットサイ,250
1625,Minchee,ミンチー,300
1626,Kinema,キネマ,250
1627,Sgabeo,スガベオ,200
1628,Chili dog,チリドッグ,250
1629,Spaghetti alle vongole,スパゲッティアッレボンゴレ,300
1630,Bavarian cream,ババリアンクリーム,200
1631,Bhaji,バジ,200
1632,Kachori,カチョリ,150
1633,Chowder,チャウダー,300
1634,Scotch broth,スコッチブロス,300
1635,Pea soup,ピースープ,300
1636,Kitfo,キットフォ,250
1637,Gored gored,ゴレッドゴレッド,250
1638,Bánh chưng,バインチュン,250
1639,Bún bò Huế,ブンボーフエ,350
1640,Bò 7 món,ボー7モン,400
1641,Cơm tấm,コムタム,300
1642,Ambrosia,アンブロシア,250
1643,Rönttönen,ロントネン,200
1644,Balchão,バルチャオ,300
1645,Gibassier,ジバシエ,200
1646,Bacalhau à Zé do Pipo,バカリャウ・ア・ゼ・ド・ピポ,300
1647,Pane di Altamura,パーネ・ディ・アルタムラ,250
1648,Mykyrokka,ミュキュロッカ,300
1649,Paska,パスカ,250
1650,Blackberry pie,ブラックベリーパイ,250
1651,Mince pie,ミンスパイ,250
1652,Corn cookie,コーンクッキー,100
1653,Francesinha poveira,フランセシーニャポヴェイラ,350
1654,Picadillo,ピカディージョ,300
1655,Runeberg torte,ルネベリトルテ,200
1656,Khakhra,カクラ,150
1657,Ohn no khao swè,オンノカウスェ,300
1658,Sultsina,スルツィナ,200
1659,/m/0crv0m,不明,0
1660,Paella,パエリア,350
1661,Espetada,エスペターダ,300
1662,Pathiri,パティーリ,200
1663,Horumonyaki,ホルモンヤキ,300
1664,Khubz,フブス,200
1665,Ciorbă,チョルバ,300
1666,Kimchi-buchimgae,キムチブチムガエ,200
1667,Sesame chicken,ゴマチキン,300
1668,Thukpa,トゥクパ,300
1669,Chwinamul,チュイナムル,200
1670,Kabuni,カブニ,250
1671,Jhunka,ジュンカ,250
1672,Jolada rotti,ジョラダロッティ,200
1673,Spoonbread,スプーンブレッド,250
1674,Kulich,クリッチ,250
1675,Phat khing,パットキン,300
1676,Namasu,なます,150
1677,Wonton noodles,ワンタンヌードル,300
1678,Johnnycake,ジョニーケーキ,200
1679,Panellets,パネレッツ,150
1680,Manjū,饅頭,150
1681,Mandi,マンディ,350
1682,Fortune cookie,フォーチュンクッキー,100
1683,Noppe,のっぺ,300
1684,Slavink,スラヴィンク,250
1685,Cockle bread,コックルブレッド,200
1686,Caruru,カルル,300
1687,Chả lụa,チャールア,200
1688,Pan bagnat,パンバニャ,250
1689,Sardenara,サルデナーラ,250
1690,Enchilada,エンチラーダ,300
1691,Sausage sandwich,ソーセージサンドイッチ,250
1692,Pistachio pudding,ピスタチオプディング,200
1693,Chikki,チッキ,150
1694,Champorado,チャンポラード,250
1695,Coconut cake,ココナッツケーキ,250
1696,Kaassoufflé,カースフレ,200
1697,Carne pizzaiola,カルネピザイオーラ,300
1698,Khauk swè thoke,カウクスェトーケ,300
1699,Gamja-tang,カムジャタン,350
1700,Kadhi,カディ,300
1701,Green bean casserole,グリーンビーンキャセロール,300
1702,Apple dumpling,アップルダンプリング,250
1703,Cozonac,コゾナック,250
1704,Pissaladière,ピサラディエール,250
1705,Phat si-io,パットシイオ,300
1706,Drunken noodles,ドランケンヌードル,300
1707,Jing Jiang Rou Si,京醤肉絲,300
1708,Enduri Pitha,エンドゥリピタ,200
1709,Kakara pitha,カカラピタ,200
1710,Tarta de Santiago,タルタデサンティアゴ,250
1711,/m/0dn9nd,不明,0
1712,Sheftalia,シェフタリア,250
1713,Soybean sprout,豆もやし,200
1714,Italian hot dog,イタリアンホットドッグ,250
1715,Makchang,マクチャン,300
1716,Meeshay,ミーシェイ,300
1717,Bacalhau com natas,バカリャウコンナタス,300
1718,Mazurek,マズレック,200
1719,Nan gyi thohk,ナンジートーケ,300
1720,Ajapsandali,アジャプサンダリ,300
1721,Carac,カラック,200
1722,Mont di,モントディ,250
1723,Geng,ゲン,300
1724,Vispipuuro,ヴィスピプーロ,250
1725,Bakso,バクソ,250
1726,Canjica,カンジカ,250
1727,Fougasse,フーガス,200
1728,Fool's Gold Loaf,フールズゴールドローフ,300
1729,Blueberry pie,ブルーベリーパイ,250
1730,Pickled cucumber,ピクルドキュウリ,150
1731,Ogbono soup,オグボノスープ,300
1732,Champ,チャンプ,300
1733,Oysters en brochette,オイスターズアンブロシェット,250
1734,Paskha,パスハ,250
1735,Shish taouk,シシタウク,250
1736,Acarajé,アカラジェ,200
1737,Ras malai,ラスマライ,200
1738,San-nakji,サンナクチ,200
1739,Bungeo-ppang,ブンゴパン,200
1740,Skilandis,スキルンディス,200
1741,Gosh-e Fil,ゴシュエフィル,150
1742,Nasi dagang,ナシダガン,300
1743,Gheimeh,ゲイメ,300
1744,Fesenjān,フェセンジャン,300
1745,Bacalhau à Gomes de Sá,バカリャウ・ア・ゴメスデサー,300
1746,Fårikål,フォリコール,350
1747,Bedfordshire clanger,ベッドフォードシャークランガー,250
1748,Tonkatsu,とんかつ,300
1749,Thai fried rice,タイチャーハン,300
1750,Manakish,マナキシュ,250
1751,Schweinshaxe,シュヴァインスハクセ,350
1752,Chorba,チョルバ,300
1753,Oliebol,オリーボル,150
1754,Ropa vieja,ロパビエハ,350
1755,Natchitoches meat pie,ナチトーシュミートパイ,250
1756,Icebox cake,アイスボックスケーキ,250
1757,Sorrel soup,ソレルスープ,300
1758,Lahoh,ラホ,200
1759,Bolillo,ボリージョ,200
1760,Mollete,モジェテ,250
1761,Caldeirada,カルデイラーダ,350
1762,Ogi,オギ,250
1763,Watergate salad,ウォーターゲートサラダ,250
1764,Yaksik,ヤクシク,200
1765,Half-smoke,ハーフスモーク,250
1766,Dakos,ダコス,200
1767,Sweet potato pie,スイートポテトパイ,250
1768,Cappon magro,カッポンマグロ,300
1769,Serundeng,セルンデン,150
1770,Rijstevlaai,レイステフライ,250
1771,Ajoblanco,アホブランコ,250
1772,Yaka mein,ヤカメン,300
1773,Jujeh kabab,ジュジェカバブ,250
1774,Soy egg,醤油卵,100
1775,Shuizhu,水煮,300
1776,Puliyogare,プリヨガレ,250
1777,Sago,サゴ,200
1778,Laulau,ラウラウ,300
1779,Curtido,クルティード,150
1780,Tapai,タパイ,200
1781,Press cake,プレスケーキ,250
1782,Cuchifritos,クチフリトス,200
1783,Vlaai,フラーイ,250
1784,Malvern pudding,モルバンプディング,250
1785,Baklava,バクラヴァ,200
1786,Cheese dog,チーズドッグ,250
1787,Luchi,ルチ,200
1788,Cowboy beans,カウボーイビーンズ,300
1789,Sandesh,サンデシュ,150
1790,Steak Diane,ステーキダイアン,300
1791,Lobster stew,ロブスタースチュー,300
1792,Finikia,フィニキア,150
1793,Bibingka,ビビンカ,200
1794,Tafelspitz,ターフェルシュピッツ,300
1795,Ploye,プロイ,200
1796,Sayur asem,サユールアセム,300
1797,Trinxat,トリンシャット,300
1798,Nikuman,肉まん,200
1799,Cozido à portuguesa,コジードアポルトゥゲサ,350
1800,Bacalhau à Brás,バカリャウアブラス,300
1801,Tomato compote,トマトコンポート,200
1802,Sesame seed candy,ゴマキャンディ,150
1803,Dhebra,デブラ,200
1804,Kaeng pa,ケーンパ,300
1805,Mas riha,マスリハ,300
1806,Zosui,雑炊,300
1807,Yassa,ヤッサ,350
1808,Pambazo,パンバソ,300
1809,Imarti,イマーティ,150
1810,Bacalhau com todos,バカリャウコントドス,350
1811,Black pepper crab,ブラックペッパークラブ,300
1812,Queso flameado,ケソフラメアド,250
1813,Black and white cookie,ブラックアンドホワイトクッキー,150
1814,Red braised pork belly,紅焼豚バラ,300
1815,Krofne,クロフネ,200
1816,Uštipci,ウシュティプツィ,200
1817,Rožata,ロザータ,200
1818,Punjena paprika,プンイェナパプリカ,250
1819,Fusi,フシ,300
1820,Maneštra,マネシュトラ,300
1821,Kroštule,クロシュトゥレ,150
1822,Fritule,フリトゥレ,150
1823,Protein bar,プロテインバー,150
1824,Cordon bleu,コルドンブルー,300
1825,Pirog,ピローグ,250
1826,Pachi Pulusu,パチプルス,250
1827,Frigărui,フリガルイ,250
1828,Chhena poda,チェナポダ,200
1829,Poornalu,プールナル,200
1830,Ponganalu,ポンガナル,200
1831,Bing,ビン,200
1832,Flaouna,フラウナ,200
1833,Chakodi,チャコディ,150
1834,Aloo paratha,アルーパラタ,250
1835,Konro,コンロ,350
1836,Cemita,セミタ,300
1837,Asinan,アシナン,250
1838,Broa,ブロア,250
1839,Trifle,トライフル,250
1840,Rat na,ラートナー,300
1841,Borlengo,ボルレンゴ,200
1842,Gazpachuelo,ガスパチュエロ,300
1843,Esterházy torte,エステルハージトルテ,250
1844,Magenbrot,マゲンブロート,150
1845,Detroit-style pizza,デトロイトスタイルピザ,350
1846,Fuling jiabing,涪陵ジャビン,200
1847,Lakhamari,ラカマリ,150
1848,Mućkalica,ムチュカリツァ,300
1849,Sukhdi,スクディ,150
1850,Kilishi,キリシ,200
1851,Baji,バジ,200
1852,Peanut butter cookie,ピーナッツバタークッキー,100
1853,Rabbit pie,ラビットパイ,250
1854,Paling in 't groen,パリングイングロエン,300
1855,Chataamari,チャタマリ,200
1856,Lawar,ラワール,300
1857,Arisa Pitha,アリサピタ,200
1858,Empal gentong,エンパルゲントン,350
1859,Carne asada fries,カルネアサダフライ,300
1860,Takikomi gohan,炊き込みご飯,300
1861,Kamameshi,釜飯,300
1862,Pasta salad,パスタサラダ,250
1863,Fasole cu cârnați,ファソレクカルナツィ,300
1864,Zelnik,ゼルニク,250
1865,Plăcintă,プラチンタ,250
1866,Tongseng,トンセン,300
1867,Soto mie,ソトミー,300
1868,Sarburma,サルブルマ,250
1869,Lutefisk,ルーテフィスク,250
1870,Khichdi,キチュディ,300
1871,Briouat,ブリウアト,200
1872,Chili burger,チリバーガー,300
1873,Bolo de mel,ボロデメル,250
1874,Clootie,クルーティ,250
1875,Seswaa,セスワ,350
1876,Tahu sumedang,タフスメダン,200
1877,Pichelsteiner,ピヒェルシュタイナー,350
1878,Bread soup,ブレッドスープ,300
1879,Scotcheroos,スコッチェルー,150
1880,Kartoffelkäse,カルトッフェルケーゼ,250
1881,Schuxen,シュクセン,200
1882,Caramel,キャラメル,100
1883,Zwetschgenkuchen,ツヴェッチゲンクーヘン,250
1884,Alloco,アロコ,250
1885,Vangibath,ヴァンギバート,300
1886,Torricado,トリカド,250
1887,Phat phrik khing,パットプリッキン,300
1888,Tomato and egg soup,トマトと卵スープ,250
1889,/m/0h65ym4,不明,0
1890,Spanakorizo,スパナコリゾ,300
1891,Ostropel,オストロペル,300
1892,Tamale,タマレ,250
1893,Seattle-style hot dog,シアトルスタイルホットドッグ,250
1894,Ammonia cookie,アンモニアクッキー,100
1895,Boston baked beans,ボストンベイクドビーンズ,300
1896,Amandine,アマンディーヌ,200
1897,Duck blood and vermicelli soup,鴨血春雨スープ,300
1898,Azerbaijani pakhlava,アゼルバイジャンパフラヴァ,200
1899,Bakwan,バクワン,200
1900,Wallenbergare,ヴァレンベルガーレ,250
1901,Pastry,ペストリー,150
1902,Melomakarono,メロマカロノ,150
1903,Cocido lebaniego,コシードレバニエゴ,350
1904,Koi,コイ,300
1905,Stir-fried tomato and scrambled eggs,トマトとスクランブルエッグ炒め,250
1906,Flæskesteg,フレスクステグ,350
1907,Beggar's Chicken,乞食鶏,350
1908,/m/0hzpvf0,不明,0
1909,Konkonte,コンコンテ,300
1910,Stuffed squash,詰めスクウォッシュ,300
1911,Kaeng som,ケーンソム,300
1912,Kentucky jam cake,ケンタッキージャムケーキ,250
1913,Murături,ムラトゥーリ,150
1914,Tochitură,トチトゥーラ,300
1915,Urap,ウラップ,250
1916,Cornulețe,コルヌレッツェ,150
1917,Quad City-style pizza,クアッドシティスタイルピザ,350
1918,Paneer tikka,パニールティッカ,250
1919,Ciorbă de perișoare,チョルバデペリショアレ,300
1920,/m/0j66841,不明,0
1921,Shaker lemon pie,シェイカーレモンパイ,250
1922,Doodhpak,ドゥードパック,200
1923,Ceviche,セビーチェ,250
1924,Cabbage soup,キャベツスープ,300
1925,Nasi timbel,ナシティンベル,300
1926,Pa amb tomàquet,パンコントマテ,200
1927,Escalivada,エスカリバーダ,250
1928,Međimurska gibanica,メジムルスカギバニツァ,250
1929,Khanom chan,カノムチャン,200
1930,Ohaw,オハウ,300
1931,Baghrir,バグリール,200
1932,Hummingbird cake,ハミングバードケーキ,250
1933,Neapolitan pizza,ナポリタンピザ,350
1934,Doughnut,ドーナツ,150
1935,Hummus,フムス,200
1936,Nimono,煮物,250
1937,Chocolate chip cookie,チョコレートチップクッキー,100
1938,Bún ốc,ブンオック,300
1939,Cheese straw,チーズストロー,100
1940,Sausage,ソーセージ,200
1941,Frogeye salad,フロッグアイサラダ,250
1942,Senate bean soup,セネートビーンスープ,300
1943,Botifarra,ボティファラ,200
1944,Leberknödel,レバークヌーデル,250
1945,Laziji,ラーズージー,300
1946,Quzi,クジ,350
1947,Chazuke,茶漬け,250
1948,Sandwich,サンドイッチ,250
1949,BLT,BLTサンドイッチ,250
1950,Chikhirtma,チヒルトマ,300
1951,Pico de gallo,ピコデガヨ,150
1952,Oden,おでん,300
1953,Tostada,トスターダ,250
1954,Chilaquiles,チラキレス,300
1955,Cocido montañés,コシードモンタニェス,350
1956,Lontong Cap Go Meh,ロントンキャップゴーメ,300
1957,Porra antequerana,ポラアンテケラナ,250
1958,Kedjenou,ケジェヌ,350
1959,Tourin,トゥラン,300
1960,Attiéké,アティエケ,250
1961,Dak-bokkeum-tang,ダクボックムタン,350
1962,Žemlovka,ジェムロフカ,250
1963,Dovga,ドヴガ,300
1964,Rice and gravy,ライスアンドグレービー,300
1965,Sai ua,サイウア,250
1966,Nam ngiao,ナムギアオ,300
1967,Kaeng khae,ケーンカエ,300
1968,Kaeng tai pla,ケーンタイプラ,300
1969,Dim sum,点心,200
1970,Tahri,ターリ,300
1971,Bolo do caco,ボロドカコ,200
1972,Buffalo wing,バッファローウィング,250
1973,Pustakari,プスタカリ,200
1974,Pieds paquets,ピエパケ,300
1975,Tinginys,ティンギニス,200
1976,Sunnundallu,スンヌンダル,150
1977,Lapskaus,ラプスクス,350
1978,Caldo tlalpeño,カルドトラルペーニョ,300
1979,Milho frito,ミーリョフリート,200
1980,Kalu dodol,カルドドル,200
1981,Poppyseed muffin,ポピーシードマフィン,150
1982,Peanut soup,ピーナッツスープ,300
1983,Tarte à la Bouillie,タルトアラブイリー,250
1984,Caldo gallego,カルドガジェゴ,350
1985,Samay Baji,サマイバジ,250
1986,Limburger sandwich,リンブルガーサンドイッチ,250
1987,Huachinango a la Veracruzana,ウアチンangoアラベラクルサナ,300
1988,Sambal stingray,サンバルスティングレイ,300
1989,Kuluban,クルバン,250
1990,Modjeska,モジェスカ,150
1991,Pan dulce,パンドゥルセ,200
1992,Florina pepper,フロリナペッパー,200
1993,Oysters Bienville,オイスターズビエンビル,250
1994,Cronut,クロナッツ,150
1995,Duck rice,ダックライス,300
1996,Sulu köfte,スルケフテ,250
1997,Toyga soup,トイガスープ,300
1998,Majjige huli,マジゲフリ,300
1999,Ikan goreng,イカンゴレン,250
2000,Lekor,レコール,200
2001,Ciulama,チュラマ,350
2002,Ayam bakar,アヤムバカール,350
2003,Hinava,ヒナヴァ,250
2004,Waakye,ワーキェ,400
2005,Salbute,サルブテ,300
2006,Kuchmachi,クチュマチ,350
2007,Kibinai,キビナイ,250
2008,Lobiani,ロビアーニ,300
2009,Chanakhi,チャナヒ,400
2010,Baghali ghatogh,バガリガトーグ,300
2011,Pkhali,プハリ,250
2012,Poc Chuc,ポクチュク,350
2013,Bionico,ビオニコ,300
2014,Bamischijf,バミシーフ,250
2015,Racuchy,ラチュヒ,250
2016,Kuurdak,クールダック,400
2017,Hokkien fried rice,福建チャーハン,350
2018,Mu kratha,ムークラタ,450
2019,Thong yip,トンイップ,200
2020,Zuppa toscana,ズッパトスカーナ,350
2021,Dhindo,ディンド,300
2022,Thiakry,ティアクリ,250
2023,Kondowole,コンドウォレ,300